id,Name
2,Francis Rodriguez
3,Wayne Stefanich
4,Erin Phan
5,Bryan Colgan
6,Michelle Grealy
7,Gerald Flippin
8,Anthony Abbott
9,Walter Eickmeyer
10,Henry Cunningham
11,Russell Garciamartinez
12,Regina McCallum
13,Neville Bolduc
14,Joan Young
15,Marjorie Johnson
16,Leeanna Whittier
17,Kristine Gonzalez
18,Rudy Kracke
20,Sarah White
21,Eugenie Broadway
22,Arielle Munoz
23,Kathleen Vandoorn
24,Lucy Miranda
25,Joseph Dontje
26,Jennifer Inocentes
27,Mary Seitz
28,James Hoi
29,Betty Johnson
30,Marjorie Cumberland
31,Carl Collins
32,John Horan
33,Josephine Jones
34,Rachel True
35,Winfred Mora
36,Joseph Fitzpatrick
37,Alan Hovermale
38,Rebecca Hill
39,Octavio Strader
40,Daniel Carter
41,Jack Dalton
42,Amanda Draper
43,Robert Ortiz
44,Anna Reynolds
45,Phil Rogers
46,Leonard Flaherty
47,Juan Weyandt
48,Lawrence Little
49,William Coello
50,Matthew Owen
51,Diana King
52,Lee Verhage
53,Robert Miller
54,Richard Clark
55,Violet Beattie
56,Mary Killingsworth
57,Kristen Ortega
58,Ben Thorne
59,Sam Herrera
60,Ray Cinque
61,Marcus Oberman
62,Margaret Oakey
63,Frederick Bonilla
64,Joan Wilkins
65,Ronnie Kasprzyk
66,Sherry Appelt
68,Charles Fotsch
69,Rachel Garcia
70,Caleb Kimberlin
71,Billy Martino
72,Timothy Vang
73,Anthony Davis
74,John Plybon
75,Mary Kuykendall
76,Tammy Nielsen
77,David Follmer
78,Sheila Smith
79,Virginia Stephens
80,Aurora Brannagan
81,Edward Rene
82,Troy Radtke
83,Evelia Brooks
84,Gloria Costello
85,Billy Knox
86,Richard Curtsinger
87,Ronald Wood
88,Dorothy Gould
89,Matthew Melton
90,Steve Lyons
91,Curtis Lanham
92,Chester Buzbee
94,Jeffrey Hux
95,Allison Rempel
96,Shelly Lagle
97,Roger Rico
98,Sandi Smith
99,Eduardo Gray
100,Christopher Fletcher
101,Janet Pacheco
102,Jeff Johnston
103,Gary Butler
104,Thomas Dovalina
105,Rita Cabrera
106,John Garcia
107,Nancy Aiello
108,Kristen Meng
109,Wayne Hawkins
110,Gary Bangerter
111,Laura Howard
112,Peter Castner
113,Carolyn Wiebold
114,Jennifer Robinson
115,Katherine Herrera
116,Julia Stinson
117,John Zak
118,Imogene Shuler
119,Russell Raphael
120,Ron Simmons
121,Brittney Lis
122,Matt Truesdale
123,Thomas Hales
124,Jason Greiner
125,Mary Manning
126,Russell Taub
127,Paula Jackson
128,Barbara Palmer
129,Peter Fudge
130,William Siska
131,Doris Rudolph
132,Maria Gajewski
133,Donald Hess
134,Eric Hursh
135,Laura Bautista
136,Ignacio Spiegelhalter
137,Anna Chang
139,Eric Ventura
140,Leslie Leatherwood
141,Charles Sees
142,Crystal Duff
143,Araceli Casillas
144,James Stowers
145,Ayesha Chau
146,Penny Parker
147,Lou Demasi
148,Kristy Jones
149,Edward Harris
150,Andrew Lewis
151,Marilyn Robinson
152,Lena Heath
153,Bernie Duffy
154,Debbie Corrigan
155,Judy Wade
156,Tammi Cordrey
157,Rochelle Benton
158,Carie Thurner
159,Mary Wandrei
161,Michelle Kopacz
162,Donna Stephens
163,Christopher Sweeney
164,Carole Hernandez
166,James Wellons
168,Tabitha Park
170,Gracie Ly
171,Gary Harris
172,Robert Vereb
173,Ella Dawson
174,Marla McHenry
175,Matthew Kline
176,Javier Gold
177,William Moreno
178,Billie Brett
179,Ivelisse Lopez
180,Christina Hilbert
181,Raeann Cox
182,Yulanda Robinson
183,Adan Blackshear
184,Dominick Verga
185,Alta Coons
186,David Earle
187,Patrice Campbell
188,Louis Gonzalez
189,Kathleen Bradshaw
190,Bernice English
191,Peter McCloud
192,Helen Ortiz
193,Aaron Perez
194,Karl Thornton
195,Shirley Klingler
196,Juanita Tharp
198,Jose Muhlestein
200,Georgia Katz
201,Kathleen Smith
202,Bonnie Coronel
203,Mary Johnson
204,Steven Senat
205,Robert Eifert
206,Manuel Wiggins
207,Francis Towers
208,Linda Ray
209,Barbara McKelvey
210,Robert Adams
211,Rhonda Walker
212,James Walsh
213,Margaret Helton
214,Melody Yates
215,Sandra Cady
216,Pam Jimenez
217,Charles Heredia
218,Eugenia Casanova
219,Joseph Neff
220,Jermaine Davis
223,Robert Lake
224,Jeremy Shephard
225,Peggy Delrosario
226,Sheila Lee
227,Philip Cheek
228,Florence Barnett
229,Armando George
230,Gregory Vogel
231,Renate Lord
232,Melinda Delapena
233,David Kim
234,Ryan Osterholt
235,Guadalupe Baxter
236,Becky Boyce
237,James Lammon
238,Jeannette Anderson
240,Concetta Ingenito
241,Fred Ayoob
242,David Gusler
243,Kevin Hernandez
244,Philip Douglas
247,David Himes
248,Glenn Bright
249,Michele Wilson
250,Max Harter
251,Enrique Golden
252,Patricia Rodriguez
253,Gerda Dalton
254,Dennis Chambers
255,Teresa Boykin
256,Darrell Summers
257,Tammy Stewart
258,Dustin Burlingame
259,Leda Miller
260,Melissa Medina
261,Larry Trevino
262,Brent Keithley
263,Frank Phillippe
264,Monica Murdoch
265,Glenn Hale
266,Judy Thaler
267,Patrick Chinn
268,Timothy Carr
269,Kathlyn Ferrer
270,Corina Bohanan
271,Rickey St. John
273,Brian Guy
274,Alyce Draper
275,Cynthia Martin
277,Charles Neace
278,Julia Alexander
279,John Collins
280,William Ramos
281,Jerome Wiseman
282,Joye Medina
283,Roxanne Vanfossen
284,Mary Smith
285,Scott Wynne
286,David LeBlond
288,Tiffany Sartain
289,Alfred Amelang
290,Viviana Anderson
291,Benjamin Welles
292,Luke Millwood
293,Lucila Davis
294,Aaron Jacobs
295,Jaimie Dicarlo
296,Angela Chmiel
297,Marian Jones
298,Ashley Ruiz
299,Jennifer McCray
300,Roberta Kistler
301,Victoria Brown
302,Adam Popkins
303,Crystal Gates
304,Timothy Snyder
305,Kimberly Kirkham
306,Jeri Ayala
307,Jose Finnegan
308,Gary Cutler
310,Blake Araos
311,Treva Spring
312,James Balderas
313,Donald Lee
314,Angela Tackett
315,Debbie Scites
316,Isaiah Bonilla
317,Bethany Borras
318,Annette Robinson
319,Peter Wells
320,David Wilmarth
321,Manuel Kielmeyer
322,Mary Green
324,Willie Reyes
325,Sandra Leslie
326,Angela Fields
327,Alfred Ash
328,Robert Stapleton
329,Sonia Mausbach
330,Rosa Carlino
331,Eugene Martinez
332,Francis Schneider
333,Rhonda Hirota
334,Molly Tidwell
335,Thomas Dixon
336,Linda Grant
337,Etta McColgan
338,Pauline Wolfcale
339,Jose Byrd
340,Michael Hisey
341,Angelina Atchison
342,Jeffery Daub
343,Anthony Hackworth
344,Paul Keefer
345,Zachary Shah
346,Scott Kocak
347,Otis Williams
348,Lynne Passalacqua
349,Catherine McCardle
350,Rita Jordan
351,Jennifer Moline
352,Elvin Villegas
353,Donna Stewart
354,Janet Mulliniks
355,Sharmaine Wilson
356,Sue Neufeld
357,Tammy Gunther
358,Nicholas Lugo
359,Michael Lewis
360,Kathy Verdin
361,Susan Clark
362,Eleanor Emma
363,Renee Barnes
364,Sandra Scott
365,Robert Meadows
366,Minh Myers
367,Holly Matthews
368,Michael Frazier
369,Sarah Rosario
370,Marjorie Patino
371,Charles Ruel
372,Andera Banovic
374,Jo Wong
375,Irene Crunkilton
376,Brenda Daniel
377,Kimberly Wettach
378,Kristopher Larsen
380,Gary Dutch
382,Doris Walker
383,Frederick Palazzo
385,Patrice McMillan
386,Marie Westlund
387,Monica Mitchell
388,Herman Kaufman
390,Minnie Johnson
391,Jessica Fields
392,Chris Dixon
393,Kimberly Pierce
394,Gregory Handley
395,Jaime Luger
396,Anthony Rollins
397,John Williams
398,Steven Buchholz
399,Sherry Littleton
400,Jerome Abel
401,Barbara Hobson
402,Vincent Tillery
403,Carolyn Burgess
404,Edward Montesdeoca
405,Cynthia Simon
406,Jose Salcedo
407,Norma Andrews
408,Henry Flores
409,Craig Tully
410,Jessica Buck
411,Barbara Costa
412,Maureen Miller
413,Kathryn Greene
414,Marilyn Kraft
415,Earnest Kamp
416,Travis Williams
417,Robert Walden
418,Catherine Navarra
419,Althea Ozimek
420,Charles Black
421,Herbert Morris
423,Adam Deshong
424,Ramona Scurry
425,Emilio Morris
426,Martha Maynard
427,Brianna Keene
428,Jessie Lorenz
430,Jim An
431,Jennifer Nicholson
432,Lena Kramer
433,Robin Garrard
434,Randall Wildermuth
435,Leah Chavious
436,Tiffany Cepero
437,Faith Hughes
438,Jane Guzman
439,Samuel Calverley
440,Russell Glancy
441,Corey Keith
442,Alicia McCalley
443,Christopher Ber
444,Andrew Phillips
446,Deborah DeLuna
447,Linda Ramos
449,Minnie Carr
450,Terence Medina
451,Mark Hoffman
452,Barry Steinman
453,Cristal Helton
454,William Cody
455,Brad McClung
456,Debra Niemi
457,Christina Kidd
458,Alicia Burelle
459,Adam Carter
460,Carlos Wiley
461,Ernest Cox
462,Joseph Sears
463,Nancy Gonzalez
464,Rebecca Clark
465,Rodney Moscardelli
466,Christopher Wilder
467,Richard Dugas
468,Susan Williamson
469,Samuel Marcano
470,Robert Eichstedt
471,Dawn Wong
472,Kathleen Hicks
473,Floyd Jackson
474,Kenneth Hendryx
475,Robert Holland
476,Ronald Watkins
477,Stanley Klopp
478,Darryl Kipp
479,Jesus Hurt
480,Beatrice Bloom
481,Thomas Alston
482,Brooke Grantham
484,Alisha Reasor
485,Francis Dietrich
486,Timothy Winkles
487,Lloyd Graham
488,Marcos Filiault
489,Savannah Muhammad
490,Charles Rios
491,Stephen Lankford
492,Brenda Farmer
493,Samuel Chappell
494,Edward Brown
495,Lina Eaton
496,Penny Gainer
497,Ida Gill
498,James Kroeplin
499,Matthew Stewart
500,Pasquale Vedder
501,Tracy Franklin
502,John Mullin
503,Sue Smith
504,Maria Lina
506,Robert Warfel
507,Larry Bradley
508,Jill Tilton
509,Effie Smith
510,Mary Neuenschwander
511,Maria Chavez
512,Charles Gallegos
513,Mark Davis
514,Bernardo Dawes
515,Imogene Danos
516,Janet Roberts
517,James Foster
518,Jeanne Peterson
519,Raymond Gillet
520,Ora Hogan
521,Christina Bourque
523,Clinton Rademacher
525,William Shaw
526,Vicky Carey
527,Eleanor Lederer
529,Thomas Demuth
530,Rosie Hauser
531,Isaac Copeland
532,Jacqueline Dewilde
533,Nicholas Klausner
534,Jennifer Harwood
535,Ernest Hamilton
536,Kenneth Madsen
537,Bettie Barboza
538,Cathleen Rodney
539,Mark Scott
540,Jay Bell
541,Isabel Maas
542,Kevin Kilby
543,Faye Digiovanni
544,Jacob Dahler
545,Susan Townsend
546,Cornelia Olivares
547,Roxie Williams
548,Gilbert Arakaki
549,Lezlie Bartling
550,Sean Wilson
551,Ronald Ramirez
552,Ruth Davidson
553,Jacqueline Winchester
555,Scott Simmons
556,Thomas Thurston
557,Jenny Dunlap
558,Stephanie Rago
559,John Choi
560,Tara Day
561,George Morales
562,John Jackson
563,Amy Gibbs
565,Jennifer Shannon
566,Calvin Fancher
567,Myron Paider
568,Shawn Wagoner
569,Edward Nunley
570,Harvey Hall
571,Robert Barlow
572,Lewis Tierney
573,Bessie Ramirez
574,Wanda Jackson
575,Van Luster
576,Ruben Parsons
577,Richard Valcin
578,Ali Vogt
579,Leonard Ramos
580,Eunice Maxwell
581,Joshua Fuesting
582,Dion Cornette
583,Nancy Snider
584,Sandra Harrison
585,Nina Mak
586,Shirley Koch
587,Angela Romanelli
589,Victor Goguen
590,Michele Jones
592,Kristin Kornfeind
593,Dolly Kessler
594,Fred Diazramirez
595,Betty Freeman
596,Sarah Towell
598,Robert Smith
601,Herb Brotz
602,Carl Guerra
603,Donald Page
604,Oliver Copley
605,Gretchen Dickinson
606,Franklin Waugh
607,Robert Hansana
608,Jacquline Tota
609,Willie Nichols
611,Carolina Wimbish
612,Caitlin Cagle
613,Phyllis Williams
614,David Gorrell
615,Adeline Sisson
616,Justin Wright
617,Donnell Shepley
618,Amanda McAllister
619,Donald Daniels
620,Carolyn Mosher
621,George Campos
622,Nicole Thigpen
623,Holly Leonzo
624,John Oquendo
625,Albert Love
627,Lorenzo Schall
628,James Pfendler
629,Samuel Neff
631,Aaron Wooden
632,Blanche Lopez
633,David Stanley
634,Bryan Corbell
635,Mildred Hong
636,Carol Seligmann
637,Mark Sullivan
638,Constance Bostwick
639,Sandra Stewart
640,Karen Sikes
641,John Justice
642,Dahlia Jenkins
643,Lamont Akins
644,Jared Solis
645,Anthony Chacon
646,Mellissa Salas
647,Maurice Greenberg
649,June Arce
650,Dorothy Kohler
651,Tori O'Neill
652,Samantha Carrero
654,Susan Esh
655,Wayne Sweitzer
656,Jesse Lyons
657,Eric Mackay
658,Dorothy Myers
659,James Shah
660,Jaime Cook
661,Thomas Bourgeois
662,Joe Sharma
663,Erin Poper
664,William Borrisa
665,Rita Stock
666,Sarah Tropea
667,Robbie Handy
668,Douglas Seal
669,Glenn Ortiz
670,Edward Tolman
671,Oralia Wilkinson
672,Liz Castell
673,Curtis Hemker
674,Jeff Harris
675,Frances Stieve
676,Tony Sessions
677,Jay Addison
678,Rochelle Knox
679,Thomas Lang
680,Joseph Martin
681,Benjamin Bryner
682,Rena Delorge
683,Francis Smith
684,Claudia Schultheis
685,David Cozad
686,Iris Aubin
687,Freddy Coleman
688,Nell Hartman
689,Emily Hamm
690,Angela Mouser
691,Nicholas Santiago
692,Timothy O'Brien
693,Catherine Lester
694,Alexandra Perry
695,Walter Anthony
696,David Thomson
697,Cleo Labarre
698,Barbara Elkins
699,Kim Edwards
700,Michael Gabriel
701,Maureen Bockhorst
702,Wayne Laux
703,Alicia McMullan
704,Robert Kirkpatrick
705,Eric Habib
706,Lisa Green
707,Jeremy Gonzalez
708,Jane Smyers
709,Marilyn Cruz
710,David Bedford
711,Robert Beste
712,Doreen Wilson
713,Raymond Hileman
714,Josefina Anderson
715,Tania Lee
716,Carl Ament
717,Milagros Lopez
718,Chad Ward
719,Cathy Wolff
720,Helen Cunningham
721,Carrie Hague
722,Ryan Erazo
723,Laura Bilello
725,Harry Koen
726,Kathy Vap
727,Lorena Eldridge
728,John Matthews
729,Walter Barrick
730,Marvin Chatman
731,Lawrence Brin
732,Kenny Richardson
733,David Slattery
734,George Adamson
735,Dwight Bascue
736,John Santiago
737,Brenda Canedo
738,Raquel Denley
739,Jeffrey Vogel
741,Timothy Paul
742,Edith Ray
743,Jayne Lewis
744,Benjamin Gonzalez
745,Francisca Freund
746,Ricardo Llerena
747,Alan Reddick
749,Edward Morales
750,Vera Ford
751,Teresa Briggs
752,Connie Buchanan
753,Felipe King
754,Shari Satkowski
756,Lavonia Rodriguez
757,Clarence Rodriguez
758,Robert Acklin
759,Ronda Guajardo
760,Mittie Slaughter
761,Mary Meece
762,Edmond Kelsey
763,Sylvia Kramer
764,Charles Mendez
765,Rita Seung
767,Pamela Visser
768,Reginald Bourell
769,Lester McCombs
770,Derick Carrion
771,Victor Maley
772,Leo Perry
773,Tonya Hartness
776,Maria Martin
777,Shelby Moore
778,Raymond Wright
779,Mary Thomas
780,Kenneth Mangano
781,Sydney Vanwinkle
782,David Li
784,Robert Herron
785,Nancy Garcia
786,Willie Thomas
787,Nancy Speck
788,Michelle Ramirez
789,Allen Buitrago
790,Mary Villarreal
791,Erica Tallman
792,Dana Marshall
793,Alexander Knopp
794,Kristine Rocha
795,Matthew Ciotta
797,Lloyd Rapp
798,Gail Gonzalez
799,Betty Hutchings
800,Jesse Brennan
801,Sharon Wright
802,Mathew Eaton
804,Eleanor Nelson
805,Frances Whitaker
806,Dennis Lee
807,Jodi Aguirre
808,Winfred Gardner
809,Arthur Hall
810,Joan Richardson
812,Elizabeth Johnson
813,Bobby Barnett
814,Danielle Schave
815,William Schaffer
816,Samantha Thompson
817,Craig Davis
818,Nell Baker
819,John Stoller
820,Rachel Mackenzie
821,Mike Catella
822,Matthew True
823,Tina Zamora
824,Maureen Holloway
825,Ryan Poehler
826,Allen Bruce
827,Kenneth Catanzaro
828,Bruce Hernandez
829,Robert Deguzman
830,Katie Wetzel
831,Betsy Anthony
832,Johnny Nielsen
834,Constance Austin
835,Kathy Leach
836,Sandra Burnett
837,Randy Hanson
838,Joseph Mohr
839,Elizabeth Rigdon
840,Daniel Bailey
841,Stephen Marquez
842,John Davis
843,Patrick Anderson
844,Chester Ball
845,James Bittner
846,Frank Harris
847,Nancy Johnson
848,Mark Holliday
849,Paula Meyer
850,Sharon Ervin
851,Matthew Johnson
852,Carol Moore
853,Deborah Josephson
854,Lisa Neal
855,Elanor Beebee
856,Joe Ernst
858,Gloria Gulbrandsen
859,Jeanette Dawson
860,Walter Morris
861,Sonia Visscher
862,Gerard Noah
863,Walter Davis
864,Charlotte Schultz
865,David Smith
868,Janet Gooden
869,Annie Arterberry
870,Ronald Wirth
871,Shirley Choun
873,Linda Walters
874,Aaron Riels
875,Joanne Mercer
876,Lisa Morfin
877,Paul Dao
878,Ismael Tate
881,Richard George
882,Jamie McCready
884,Phyllis Laster
885,Cindy Nelson
886,Ted Zessin
887,Alicia Gonzalez
888,Kirk Bisel
889,Marilyn Braithwaite
890,William Blessitt
891,Harry Hughes
893,Bruce Short
895,Carroll Leja
896,Ruben Madera
897,Quinton Caldwell
898,Carmen Love
899,Clarence Rosales
900,Leo Harm
903,William Roach
904,Barbara Shelley
905,Brenda Morin
906,Lewis Frazier
907,Shirley Carlino
908,Catalina Lockwood
909,Matthew Madden
910,Juana Thornton
911,Michael Knutson
912,Virginia Danser
913,Michael Anderson
914,Charles Barron
915,Brent Nicholson
916,Annie Salzbrenner
917,Manuel Hernandez
919,Theresa Bruckert
920,Toccara Segalla
921,Eva Dzioba
922,David Izquierdo
924,Edward Valle
925,Rick Cope
926,Diamond Parker
927,William Cosic
928,James Harris
929,Richard Delehanty
930,Priscilla Fellows
931,David Lane
932,Jeremy Hope
933,Ethel Greenlow
934,Taylor Prather
935,Gertrude Busch
936,Dorothy Poppler
938,Richard Brigance
939,Mildred Beaver
940,Sherry Hake
941,Anya Gulley
942,Teresa Hay
943,Jasper Grubbs
946,Ashley Emerson
948,Carol Montenegro
949,Laura Knight
950,Emily Spodek
951,Annie Coronel
952,Kayla Young
953,Lidia Holly
954,Jose Markey
955,Marvin Lopez
957,Allyson Pierce
958,Freida Rodriguez
959,Travis Larsen
960,Susan Jones
961,Jean Gabany
962,Debra Cornman
963,Doris Robinson
964,Alexander Davenport
965,Sonja Mousa
966,Charlene Skiles
967,Richard Hart
968,Florence Bergstrom
969,Kenneth Vanfleet
971,Deborah Garcia
972,Leah Lugo
975,Adriane Gertz
976,Keith Disbrow
977,William Lucero
978,Robert Jordan
979,Rafael McNabb
980,Wayne Kittredge
981,Margaret Burgess
982,Lynette Nicks
984,Joey Clark
985,Tiara Bittner
986,Richard Carter
987,Henrietta Kreb
989,Walter Deborah
990,Ernest Clark
991,Judith Easter
993,Cheryl Kaina
994,Henry Pasillas
995,Isidro Hatton
996,Richard Ryan
997,Robert Bukhari
998,Ron Soto
999,Raymond Brown
1001,Sandra Grigorian
1002,David Baker
1003,Armando Hughes
1004,Jason Mitchell
1005,Lottie Jones
1006,Theresa Bizub
1007,Jeremy Cockcroft
1008,Mary Reedy
1009,Josephine Nogales
1010,Kaitlin Elliott
1011,Mildred Hoey
1012,Claudia Ratliff
1013,Maura Darty
1014,Derrick Hampton
1015,John Wilson
1016,Dawn Cervantes
1017,Mark Delacruz
1018,Florence Pablo
1019,Jose Munoz
1020,Ann Mardis
1021,April Rowe
1022,Jason Abramson
1023,Michael Williams
1024,Kimberly Dennis
1025,Walter Guerrero
1026,Joan Loya
1027,Jeffrey Green
1028,Toni Cabot
1029,Anthony Sanborn
1030,Eva Davidson
1032,Nancy Augustine
1033,Pauline Bielicki
1034,Terri Bigelow
1035,Richard Nunez
1036,Michael Fischer
1037,Susan Wyatt
1038,Kevin Seimears
1039,Ryan Barnes
1040,Jerry Hockman
1041,Miriam Preston
1042,Ruben Epperson
1044,Shani Ransom
1046,Vincenzo Clark
1047,Sara Drumwright
1049,Colin Richardson
1050,Jason Belvin
1051,Jill Novick
1052,Matthew Glennon
1053,Doris Davis
1054,Brenda Matamoros
1055,Donald Koenings
1056,Ruth Albarado
1057,Minnie Weed
1058,Amy Solomon
1060,Peggy Pomeroy
1061,Brian Davies
1062,Brian Washington
1063,Matthew Viloria
1064,Claudia Maier
1065,Roy Whitener
1067,Tim Goughnour
1068,Wilber Ebner
1069,Darin Williams
1070,Jennifer Merino
1071,Juan Young
1072,Jason Williams
1073,Dennis Lewis
1074,Jasmine Hamilton
1075,Jamie Cornell
1076,Victor Rice
1078,Bobbie Johnson
1079,Michael Sayles
1080,Joseph Fisher
1081,Veronica Robison
1082,Mary Karl
1083,Mary Delossantos
1084,Robert Molski
1085,Mark Ray
1086,Ronald Theriault
1087,Harry Meyer
1088,Annie Toft
1089,Veronica Ettinger
1090,Stanley Alvarado
1091,Brian Simeon
1092,Pinkie Hernandez
1093,Crystal Anderson
1094,Janice Rodriguez
1097,Brian Combs
1098,Flora Meadows
1099,Harold Rose
1100,Edwina Baker
1101,Theresa Williams
1102,Christine Harper
1103,Constance Sebastiani
1104,Valerie Matte
1106,Grace Chagoya
1107,Jamila Redwine
1108,Tabatha Robinson
1109,Susan Chacon
1110,Rose Hawley
1111,Irving Nelson
1112,Randy Gillman
1113,Michael Schamp
1114,John Hoffman
1115,Jeff Demarco
1116,Charles Pierson
1118,Cassandra Richardson
1119,Damaris Tran
1120,Rachel Huffmon
1121,Ruby Ralph
1122,Benjamin Scott
1123,Betty Clark
1124,Joelle Smith
1125,Lionel Mitchell
1126,Sara Forrest
1128,Patrick Gershon
1130,Wendy Simpson
1131,Robert Kennedy
1132,Gretchen Holt
1133,Helen Clifford
1134,Kurt Ziebell
1135,Rudolf Howard
1136,Jeane Cozzone
1137,Shirley Carl
1138,Gayle Nute
1139,Peter Basham
1140,Michelle Angel
1143,Anne Abbott
1144,Gladys Orendorff
1145,Patricia Bauer
1146,Florence Jones
1147,Tanisha Walker
1148,Darrell Acevedo
1149,Sarah Sweeney
1150,Erin Wooldridge
1151,Jacqueline Baker
1152,Preston Emery
1153,Joe Davis
1154,Gloria Yallup
1155,Sandy Jimenez
1156,Linda Ayala
1157,Logan Steger
1158,Richard Forte
1159,Annmarie Stanifer
1160,Richie Smith
1161,Lorraine Holley
1163,Steven Jackson
1164,Timothy Kelly
1165,Thomas Johnson
1166,Gilbert Medley
1167,Willard Bertram
1170,Shirley Mejilla
1171,Kristi Buchner
1172,Jonathan Hinds
1173,William Nicholas
1174,Clifford Ayers
1176,Thomas Alarid
1177,David Lyson
1178,William Frieden
1179,Joseph Sanchez
1180,Linda Wenger
1181,Judith Lively
1182,Steven Arnold
1183,Diane Williams
1184,Howard Keenan
1185,Crystal Wallace
1186,Billy Arrighi
1187,Jeanette Kost
1188,Luis Merritt
1189,Bruce Kruse
1190,James Grumbles
1191,Seth Vidler
1192,Daniel Mauro
1193,Josue McSwain
1194,Rose Sanchez
1195,Cynthia Phillips
1196,Melody Sampson
1197,Delbert Clarke
1198,David Hatch
1199,Howard Vasek
1200,Dennis Kyung
1202,Darren Thomas
1204,Helen Ward
1205,Freddie Adams
1206,Ronald Nall
1207,Adam Tatro
1209,Gregory Huels
1210,Alexandria Page
1211,Tracie Nielsen
1212,Craig Cordova
1213,Nancy Cho
1214,Christine Hartford
1215,David Henderson
1216,Melodie Balcombe
1217,Scott Willmott
1219,Annie Kelnhofer
1220,Yolanda Perkins
1221,Charles Camacho
1222,Edward McCowen
1223,Cornell Moore
1224,Beth Hubbard
1225,Brian Castro
1226,Michael Eisenbach
1228,Pedro Mendez
1229,David Byers
1230,Robert Howe
1231,Alfred Harrison
1232,Corina Nguyen
1233,Edith Cisneros
1234,Sherry Payne
1235,Dexter Sanchez
1236,Dana Carr
1237,Ruth Kennedy
1238,Irene Wright
1239,Kathy Hiyama
1240,David Zheng
1242,Lisa Goldman
1243,Mary Dula
1244,Jeffrey Davila
1245,Andrew Sifuentes
1246,Megan Gaitan
1247,Dustin Pelletier
1248,Omer Barlow
1249,Jose Selle
1253,Nicholas Moran
1254,Vicente Bottolfson
1255,Bethany Watson
1256,Woodrow Wray
1258,Jayson Nissley
1259,Joseph Rubio
1261,Gary Christmas
1262,Oliver Crawford
1263,William Toscano
1264,Eugene Russell
1265,Brandon Esposito
1266,Christopher Montgomery
1267,Tony Maldonado
1270,Santos Kempker
1271,Joyce Ross
1272,Cary Moye
1273,Lizette Ramey
1274,Thomas Morreale
1275,Rodney Calloway
1276,Brian Becker
1277,Rachel Fernandez
1278,Tom Morales
1279,Gerald Kowalewski
1280,Melinda Bentley
1281,John Riser
1282,Walter Macdonald
1283,Trisha Penner
1284,John Knabb
1286,David Gill
1287,Frances Chronister
1288,James Torres
1289,William Martella
1290,Kenneth Blanch
1291,Bette Wright
1292,Jason Morrow
1293,Fred Roessler
1294,Robert Collier
1295,Brian Cunningham
1296,Vito Fayard
1298,Kevin Tribby
1299,Billy Larkin
1300,John Taylor
1301,Susan Erickson
1302,John Weems
1303,Benjamin Montgomery
1304,Lisa Hitch
1305,Earnestine Minahan
1307,Lawrence Ramirez
1308,Rebecca Manning
1309,Marjorie Kolesar
1310,Lillie Lilly
1311,Ellen Ittel
1312,Tarsha Voorhies
1313,Carolyn Swails
1315,Elia Pratt
1316,Mark Mitchell
1318,Romona Naranjo
1319,Joan Bell
1321,Regina Molina
1322,Sally Herrington
1323,Roger Viehmann
1324,Betty Hoffman
1325,Shawn Silva
1327,Clinton Castillo
1329,Joesph Harvey
1330,Ronald Bilich
1331,Eugene Ferguson
1332,Bernice Gray
1333,John Stubbs
1334,Patricia Gula
1335,William Jacobs
1336,Karen Cecil
1337,James Hemphill
1339,Debra Bond
1340,Heidi Voorhees
1342,Chelsea Hipps
1343,Ruby Stout
1345,Daniel Juarez
1346,Janet Thacker
1347,Bradley Springer
1348,Perry Heese
1349,Ron Bothof
1350,Richard Schucker
1351,William Peshlakai
1352,Kenny Morris
1353,Michael Leonard
1354,Charles Gunder
1355,Monica Pelak
1356,Cynthia Hoverman
1357,Mariko McIntosh
1358,Angel Noren
1360,Mary Stevenson
1362,Sarah King
1363,Guadalupe Vanda
1364,Jessica Flint
1365,Ann Lopresti
1366,Suzanne Rolfs
1367,Janine Brown
1368,George Snook
1369,Zachary Neel
1371,Zackary Davis
1372,Clarence Siddons
1373,Jason Berg
1374,Donald Wyatt
1375,Andrew Zou
1376,Harold Koste
1377,Russell Ruple
1378,William Morris
1379,Jean Cottam
1380,Glenda Serrano
1381,Sal Tickell
1382,Juan Weaver
1383,Karisa Floyd
1384,Ruthie Joyner
1385,Ralph Ellas
1386,Charlie Truax
1387,Norman Bolton
1388,Rebecca Phillips
1389,Amy Wolf
1390,Donna Drake
1393,Allen Padilla
1394,Tenisha Freeney
1395,Lena Brown
1396,Anthony Miller
1397,Lourdes Toner
1398,Sean Birger
1399,Ian Glasgow
1401,James Harrison
1402,Alexander Iniguez
1403,Stephanie Casimir
1404,Jamie Motto
1405,Karl Avery
1406,Allan Matheny
1407,George Novotny
1408,Ryan Stevens
1410,Tamara Tucker
1411,Noel Cervantes
1413,Josephine Miller
1414,Kenneth Gutierrez
1416,Patricia Freeman
1418,James Ortega
1419,James Kreil
1420,Ashley Case
1421,Margaret Banta
1422,Shirley Shulman
1423,Jeannie Young
1424,Lillian Dotson
1425,David Bruno
1426,Jeffrey Tyler
1427,Elizabeth Crew
1428,Kathleen Mele
1429,Patrick Dinger
1430,Mary Ostafin
1431,Eleanor Lynch
1432,Robert Webb
1433,Marilyn Baillargeon
1434,Adam Page
1435,Jeffrey Davis
1437,Sue Julio
1438,William Matsuoka
1439,Mary Tirrell
1440,Elaina Jefferson
1441,Mike Venesky
1442,Scott Tanaka
1443,Kelly Turner
1444,Rose Wilcox
1445,Kimberly Partridge
1446,Mary Martinez
1447,Amanda Stannard
1449,Herbert Pizarro
1450,Lisa Cron
1451,Michael Almonte
1452,Kristopher Arroyo
1453,Thomas Lawyer
1454,Gerda Upham
1455,Debra Fry
1456,George Anderson
1457,Mary Lau
1458,Irma Cates
1459,Norberto Warwick
1461,Steven Barner
1462,Hazel Dailey
1463,Clyde Pellegrin
1464,John Johnson
1465,Charles Hallow
1466,Walter Medrano
1467,Pearl Meisinger
1469,Orville Andrews
1470,Charity Paris
1471,Deanna Green
1472,Kenny Obanion
1473,Debra Leonard
1474,Sheila Reynolds
1475,Robert Vong
1476,Marion Smith
1477,Brian Camacho
1478,Aurora Sierra
1479,Rosa Cingolani
1480,Todd Harris
1481,Carol Frasco
1483,Helen Doles
1484,Bessie Rosalez
1485,Robert Lee
1486,William Vey
1488,Stephanie Baggett
1489,Ashley Colegrove
1490,Jonathan Nutt
1491,Edward Miley
1492,Cheryl Ganz
1493,Edith Owens
1494,James Bergquist
1495,Marilyn Rojas
1496,Ada Fink
1497,Willie Deardorff
1498,Rebecca Ellsworth
1499,Kenneth Lynch
1500,Charles Buckner
1501,Brandon Cofield
1502,Kelly Womack
1503,Ann Randolph
1504,Wilburn Wood
1505,Anthony Casson
1506,Anthony Ppool
1507,Vivian Urbano
1508,Jacob Palmisano
1509,Shannon Stewart
1511,Gregory Carpenter
1513,Charles Muller
1514,Ryan Graham
1515,Carla Wagner
1516,Jessica Price
1517,Terry Moss
1518,Rose Grier
1519,Daniel Ortiz
1520,Ronald Bartlett
1521,John Perez
1522,Jacqueline Quick
1524,Mario Beagle
1525,Ilene Eades
1527,Mary Zender
1528,Mary Jorgensen
1530,Benny Galloway
1531,Federico Shakal
1532,Angela Lawson
1533,Dorothy Ogg
1534,Dennis Garcia
1535,Vilma Knight
1536,Kenneth Teixeira
1537,Lamar Warner
1538,Toby Filippone
1539,Jessie Ciacci
1540,Michael Miller
1541,Bill Carbone
1542,Enid Arends
1543,Aaron Timms
1544,Rodney Gavin
1545,Jose Tucker
1546,Carolyn Parra
1547,Juan Brooks
1549,Katie Dumler
1551,Floyd Kane
1552,Gwendolyn Stanley
1553,Michael Svehlak
1554,Carolyn Smith
1555,Roseann Miller
1556,Lisa Deen
1557,Juan Vaughn
1558,Lynn Reid
1559,Heather Barre
1560,Demarcus Barlow
1562,William Santos
1563,Michele Sherman
1564,Janie Smith
1565,Andrew Lukacs
1566,Harold Fay
1567,Dennis Rosales
1568,William Roberts
1570,Evelyn Wenker
1572,Joe Ciervo
1573,Xavier Hampton
1574,Pamela Stern
1575,Deanne Lima
1576,Otis Austin
1577,Robert Campion
1578,Michael House
1579,Mary Welborn
1580,Bernice Sweet
1581,Nancy Rogers
1582,Janice Bishop
1583,Roy Rogers
1584,Jacob Lambdin
1585,Sara McKinney
1586,Edna Patterson
1587,Karen Smith
1588,Patricia Bocchino
1589,Carolyn Ray
1590,Callie Gonzales
1591,Lisa Mackel
1592,Gary Gainey
1593,Jerry Monaco
1594,Linda Rudisel
1595,Daniel Cruz
1596,Theodore Arnold
1597,Edward St. Jean
1599,Scott Callaway
1600,David Boren
1601,Matthew Warner
1603,Billy Bynum
1604,Gordon Rubenstein
1605,Michelle Humston
1606,Danny Carrasquillo
1607,Joanne Honda
1608,Jose Wittmer
1611,Luis Bindel
1613,Kenneth Penny
1614,Juana Kayser
1615,Mark Wickens
1616,James Linares
1617,Willie Benson
1618,Kimiko Foster
1619,Garry Power
1620,John Seitz
1621,Cynthia Ross
1622,Mayra Tillman
1623,Keith Foronda
1624,Palmer Barry
1625,Joe Stark
1626,Tamara Goldsmith
1627,Lucille Rost
1628,Mary Jones
1629,Kristen Dodge
1630,William Acierno
1632,Robert Mendoza
1633,Jay Harrelson
1634,Miguel Lathan
1635,Jacqueline Moynihan
1636,Thomas Mattes
1637,Kenneth Carlisle
1638,Renee Shebesta
1639,Lilli Weeks
1640,Lori Ruesga
1641,John Shuttleworth
1642,Maria Paez
1643,Daisy Doe
1644,Kimberly Werdebaugh
1646,Herbert Casper
1647,Miguel Roach
1648,Roger Avery
1649,Christine Stevenson
1650,Marlene Wall
1652,Harland Anstine
1653,William Cox
1654,Camille Taylor
1655,Romaine Nowakowski
1656,James Mui
1657,Christopher Fancher
1658,Darrell Garron
1659,Athena Taylor
1660,Thomas Ward
1661,Malorie Abel
1662,Mary Moody
1663,Elizabeth Acevedo
1664,Don Gardner
1665,Edith McAlister
1666,Clara Barrera
1667,Delores Otarola
1669,Emma Santiago
1670,Louis Bess
1671,Pearline Yount
1672,Gerald Roberson
1674,Ruby McNamara
1675,Joseph Castelan
1676,Donald Satre
1677,Kathleen Ptacek
1678,William Jones
1679,Wiley Rodriquez
1680,Kevin Costa
1682,Katharine Grouse
1683,Richard Bridges
1684,Brian Lauber
1685,Franklin Steele
1686,Steven Kalish
1687,Nancy Kesler
1688,Kristine Evans
1689,Julia Sibbitt
1690,Christopher Munoz
1691,Edith Sladek
1692,Lula Hill
1693,Peter Best
1694,Kelly Taub
1695,Kathleen Espinoza
1696,Timothy Harper
1697,Susan Boerner
1699,Bernard Keen
1700,Justin Chandler
1701,Val James
1702,John Smith
1703,Carla Miller
1704,Alda Shaw
1705,Nancy Stoney
1706,Ignacio Ball
1707,Mark Hardy
1708,Walter Vite
1709,John Spriggs
1710,Dorothy Buchholz
1711,Janice Taylor
1712,Jessica Bishop
1715,John Dai
1717,Sue Tennyson
1718,Emilie Perez
1719,Willie Lyles
1720,Scott Kochis
1721,Darrell Handa
1722,Kimberly Vivian
1723,George Ebanks
1724,Brian Albin
1725,Maryann Lee
1726,Charley Rush
1727,Lana Cervantes
1728,Harold Engle
1729,Michael Sparger
1730,James Wright
1731,Carmen Schofield
1732,Joan Stammer
1733,Jennifer Weakly
1734,Abby Nelson
1736,Frank Kochanski
1737,William Thompson
1740,Orlando Naatz
1741,Linda Parkinson
1742,Kelly Anders
1743,Jennifer Ortega
1744,Jennifer Vega
1745,Kayla Tipton
1746,Omar Guillory
1747,Ebony Motta
1748,Matha Luu
1749,Vera Ball
1751,Richard O'Neal
1752,Melissa Haddad
1753,Benjamin Bailey
1754,Vernon Cereghino
1755,James Loyd
1757,Carter Herczeg
1758,Marilyn Kamp
1759,Leona Rowland
1760,Mary Cherry
1761,Gary Parker
1762,Sheila Thole
1764,Wendy Fehler
1765,Audrey Unsell
1766,John Rivera
1768,Susan Piampiano
1769,Evelia Girardi
1770,Howard Turner
1771,Jo Sparks
1772,Craig Kelly
1773,Karen Dirks
1774,Thomas Sharpley
1775,John Oveson
1776,Anthony McDougal
1777,Nena Schaefer
1778,Holly Pichardo
1779,Robert O'Neill
1780,William Cilla
1781,Aimee Sellen
1782,Debra Simone
1783,Donald Graham
1784,Marry Dickson
1785,Martha Butler
1786,Joshua Johnson
1787,James Anderson
1788,Maudie Krapohl
1789,Kelly Stephens
1790,Donald Craven
1791,Paul Passarella
1792,John Bui
1793,Billy Schultz
1794,John Le
1795,Henry Combs
1796,Mary Hamilton
1797,Michael Mihajlovic
1798,Kenyetta Morris
1799,Austin Briles
1800,Michelle Spears
1801,Ana Carvey
1802,Elizabeth Martin
1803,Charles Poudrier
1804,Austin Lopez
1805,James Hartfield
1806,Kyle Crabill
1807,Valentin Leccese
1808,Kenneth Demarco
1809,Delores Sexton
1810,Charles Helt
1811,Melvin Lee
1813,Irene Danforth
1814,Tomi Johnson
1815,Sandra Hernandez
1816,Delores Odom
1817,Julia Kunesh
1818,Sarah Lash
1819,Pauline Slater
1820,Ruth Hall
1821,Maria Rock
1822,Leigh Abdel
1823,Donald Jackson
1824,Michael Wilkins
1825,Tyler Geffen
1826,George Ochoa
1827,Morris Jones
1828,Glenn McAllister
1829,Laurie Baird
1830,Charlott Allen
1831,Arturo Bush
1832,Susan Calva
1833,Gerald Jenkins
1834,Melinda Kane
1835,Keith Dittner
1836,Shirley Bleess
1838,John Allen
1839,Nicole Vonborstel
1840,Tiffany Chen
1841,Lisa Ginter
1842,Paul McClanahan
1844,Darren Rodriguez
1845,Brian Scala
1846,Juanita Betts
1847,Raymond Gonzalez
1848,Jessica Boudoin
1850,Elizabeth Goldberger
1851,Dorothy Richardson
1852,Angela Erickson
1853,Steven Springer
1854,Lang Grimm
1855,Bernard Johnson
1856,Edmund Holman
1857,Jan Oatsvall
1858,Barbara Wooden
1859,Matthew Jones
1860,James Bost
1861,Amber Marinakis
1862,Lisa Dalton
1863,Fred Lindquist
1864,Sean Coderre
1865,Marie Medina
1866,Craig Taylor
1867,Rosa Papageorge
1868,Eugene Alvarez
1869,Beverly Turner
1871,Lee Tisnado
1872,Maude Noll
1873,Corrie Ramirez
1874,Jack Thomas
1875,Ann Rockwell
1877,Gia Langlois
1879,Daniel Gaw
1880,Richard Strand
1881,Karl Perry
1882,Dean Spence
1883,Margarita Rafferty
1885,Donna Peck
1887,Craig Flores
1888,Jacob Conroy
1889,Don Fraser
1890,Andrea Brown
1891,Alysha Baez
1892,Peggy Wolfe
1893,Hallie Edwards
1894,Maria Allen
1895,Christina Newby
1896,Samuel Vandyke
1897,Wayne Ramirez
1898,Nicole Roe
1899,Lyle Campbell
1900,Norma Frangella
1902,Helen Mendez
1903,Deborah Theriot
1904,Robert Crumpacker
1905,Sherry Argueta
1906,Edward Rising
1907,Robert Bye
1908,Carl Brudnicki
1909,George Gooding
1910,Benny Caraballo
1911,Ruth Chestnut
1912,Evan Eaves
1914,Lula Collette
1915,Mary Broughton
1917,Pamula Chen
1918,Wendy Louwagie
1919,Norma Trujillo
1920,Rhoda Melvin
1921,Roger Essex
1922,Ramona Grant
1923,Gordon Shultz
1924,Beatrice Frost
1925,Patrick Clovis
1926,Larry Proctor
1928,Linda Stewart
1929,Madge Dalleva
1930,Renae Strickland
1931,Charles Lambert
1933,Fredrick Sweatman
1934,Andrea Kinser
1935,Barbara Magnuson
1936,Timothy Heiland
1937,Athena Samsel
1938,Anna Murray
1939,Ashley Sturgeon
1941,Daniel Cox
1942,Michael Todd
1944,Holly Merryman
1946,Albert Blake
1947,Tony Loguidice
1948,Harold Martin
1949,Martha Hudson
1950,Margarita Anderson
1951,Peter Bailey
1952,Dawn Norman
1954,Alexis Keller
1955,Louise Bautch
1956,Cindy Harris
1957,Gilbert Chavez
1958,Jonathan Careaga
1959,William Mason
1961,Edward Clark
1962,David Miller
1963,Doris Rios
1964,Faye Rodriguez
1965,Rosemary March
1966,Susan Bachmann
1968,John Castellano
1969,Richard Barron
1971,Maria Gomez
1972,Ronald Delacruz
1973,James Dees
1974,Clifford Ellis
1975,Brian Ashby
1976,Veronica Rodriguez
1977,Paul Jones
1978,Martha Nunez
1979,Diana Garner
1980,Anne Myers
1981,Kathleen Vignola
1982,Doris Smith
1983,Nikki Demasi
1984,Angelo Laker
1986,Leroy Sykora
1987,Horacio Dolan
1988,Andrew Tiller
1989,Rosie Eyer
1990,Gertrude Malhotra
1991,Kelley King
1992,Julie Story
1993,Marion Ellis
1994,Darlene Spies
1995,William Branson
1996,Charity Padilla
1997,Dolores Batsch
1998,Lydia Felipe
1999,Shane Sommer
2000,Heather Colton
2001,Theresa Miranda
2003,Joanna Mauch
2004,Ruth Riddle
2005,Oscar Erlanger
2006,Nicole Curtiss
2007,Kermit Mensah
2008,John Powell
2009,Christopher Lara
2010,Bobby Eichelberger
2011,Clifford Bradburn
2013,Elizabeth Hovey
2014,Norma Bennett
2015,Fred Weldon
2016,Dewey Gallegos
2017,Nicholas Albert
2018,Anthony Gruwell
2019,Jacob Andrade
2020,Janie Cook
2021,Susan Smoot
2022,Andrew Bivines
2023,James Moran
2024,Alida Hench
2025,Hazel Anderson
2027,Marlene Engler
2028,Gary Dailey
2029,Kathleen Benningfield
2030,Rose Knight
2031,Robert Schubert
2032,Rebecca Allen
2033,Shawna Cruzen
2034,Elizabeth Clemons
2035,Joyce Carroll
2036,Jeffrey Hebner
2037,Adam Settle
2038,William Brooks
2039,Beatrice Hartley
2040,Michael Mangrum
2041,Bernetta Davidson
2042,Megan Goik
2043,Pete Klingler
2044,David Greathouse
2045,Vincent Eubanks
2046,Mary Hickman
2047,Sharon Rice
2048,James Herzing
2051,Ann Cruz
2052,Rogelio Rad
2053,Elliot Payne
2054,Bernard Roy
2055,Denise Grant
2056,Jacelyn Poindexter
2057,Hannah Galvin
2058,Tonya Phipps
2059,Anne Lane
2060,Joseph Christ
2061,Carolyn Sherwood
2062,Benjamin Martinez
2064,Oscar Moltz
2065,William Thornton
2066,Mark Flores
2067,Rebecca Turnbeaugh
2068,Yvonne Andrews
2069,Phyllis Gross
2070,Kathryn Green
2071,Lucille Campos
2072,Stacy Billard
2075,Elizabeth Salinas
2076,Amanda Wallace
2077,Darlene Scott
2078,Anne Sydow
2079,Nancy Epp
2080,Hubert Garrett
2081,Cathi Jimenez
2083,David Reid
2084,Sylvia Ghazarian
2085,Amber Haynes
2086,Cristina Morin
2087,Walter Baker
2088,Arthur Bechtold
2090,Timothy Parkin
2091,Mayme Farres
2092,Helen Martens
2093,Jason Novacek
2094,Mary Phelps
2095,Nancy Nesheiwat
2096,Josephine Mauro
2097,Donna Parnell
2099,Sharon Martin
2100,Tracy Griego
